order_item_id,order_id,product_id,quantity,unit_price_at_order,discount_pct,_loaded_at
ITEM_000001,ORD_10001,PROD_050,1,123.52,0,2025-01-01T00:00:00
ITEM_000002,ORD_10002,PROD_045,1,859.0,0,2025-01-01T00:00:00
ITEM_000003,ORD_10002,PROD_037,1,63.26,10,2025-01-01T00:00:00
ITEM_000004,ORD_10003,PROD_027,1,188.94,5,2025-01-01T00:00:00
ITEM_000005,ORD_10003,PROD_017,1,186.44,0,2025-01-01T00:00:00
ITEM_000006,ORD_10004,PROD_045,1,886.84,0,2025-01-01T00:00:00
ITEM_000007,ORD_10004,PROD_021,1,95.81,0,2025-01-01T00:00:00
ITEM_000008,ORD_10005,PROD_040,1,171.07,0,2025-01-01T00:00:00
ITEM_000009,ORD_10006,PROD_036,1,64.89,0,2025-01-01T00:00:00
ITEM_000010,ORD_10007,PROD_020,1,95.74,5,2025-01-01T00:00:00
ITEM_000011,ORD_10008,PROD_043,1,697.38,0,2025-01-01T00:00:00
ITEM_000012,ORD_10009,PROD_007,1,480.18,0,2025-01-01T00:00:00
ITEM_000013,ORD_10009,PROD_014,1,1478.57,5,2025-01-01T00:00:00
ITEM_000014,ORD_10009,PROD_033,1,151.74,0,2025-01-01T00:00:00
ITEM_000015,ORD_10010,PROD_039,1,382.51,0,2025-01-01T00:00:00
ITEM_000016,ORD_10011,PROD_003,1,915.09,15,2025-01-01T00:00:00
ITEM_000017,ORD_10012,PROD_019,1,193.58,0,2025-01-01T00:00:00
ITEM_000018,ORD_10012,PROD_046,1,430.55,0,2025-01-01T00:00:00
ITEM_000019,ORD_10013,PROD_034,1,286.0,5,2025-01-01T00:00:00
ITEM_000020,ORD_10013,PROD_019,1,188.67,0,2025-01-01T00:00:00
ITEM_000021,ORD_10014,PROD_042,3,650.77,0,2025-01-01T00:00:00
ITEM_000022,ORD_10015,PROD_023,1,272.12,0,2025-01-01T00:00:00
ITEM_000023,ORD_10015,PROD_043,1,742.18,0,2025-01-01T00:00:00
ITEM_000024,ORD_10016,PROD_036,3,67.7,0,2025-01-01T00:00:00
ITEM_000025,ORD_10017,PROD_039,1,402.83,0,2025-01-01T00:00:00
ITEM_000026,ORD_10018,PROD_012,1,391.33,0,2025-01-01T00:00:00
ITEM_000027,ORD_10019,PROD_008,2,669.69,20,2025-01-01T00:00:00
ITEM_000028,ORD_10020,PROD_037,1,66.26,20,2025-01-01T00:00:00
ITEM_000029,ORD_10020,PROD_017,3,189.99,5,2025-01-01T00:00:00
ITEM_000030,ORD_10021,PROD_030,1,233.92,10,2025-01-01T00:00:00
ITEM_000031,ORD_10022,PROD_025,1,76.0,20,2025-01-01T00:00:00
ITEM_000032,ORD_10023,PROD_021,1,94.17,0,2025-01-01T00:00:00
ITEM_000033,ORD_10024,PROD_017,1,181.06,0,2025-01-01T00:00:00
ITEM_000034,ORD_10024,PROD_016,1,339.55,0,2025-01-01T00:00:00
ITEM_000035,ORD_10025,PROD_014,2,1507.18,0,2025-01-01T00:00:00
ITEM_000036,ORD_10026,PROD_013,1,404.37,0,2025-01-01T00:00:00
ITEM_000037,ORD_10026,PROD_032,2,278.31,0,2025-01-01T00:00:00
ITEM_000038,ORD_10027,PROD_023,1,282.67,0,2025-01-01T00:00:00
ITEM_000039,ORD_10027,PROD_010,1,1150.14,0,2025-01-01T00:00:00
ITEM_000040,ORD_10028,PROD_003,2,883.47,0,2025-01-01T00:00:00
ITEM_000041,ORD_10028,PROD_031,1,181.67,0,2025-01-01T00:00:00
ITEM_000042,ORD_10029,PROD_049,1,1025.98,0,2025-01-01T00:00:00
ITEM_000043,ORD_10030,PROD_004,2,1253.22,0,2025-01-01T00:00:00
ITEM_000044,ORD_10031,PROD_023,1,272.08,0,2025-01-01T00:00:00
ITEM_000045,ORD_10032,PROD_045,1,878.5,0,2025-01-01T00:00:00
ITEM_000046,ORD_10032,PROD_034,1,291.44,0,2025-01-01T00:00:00
ITEM_000047,ORD_10032,PROD_030,1,233.14,0,2025-01-01T00:00:00
ITEM_000048,ORD_10033,PROD_040,1,172.25,0,2025-01-01T00:00:00
ITEM_000049,ORD_10034,PROD_049,1,972.42,10,2025-01-01T00:00:00
ITEM_000050,ORD_10035,PROD_009,2,681.15,0,2025-01-01T00:00:00
ITEM_000051,ORD_10036,PROD_016,1,342.66,0,2025-01-01T00:00:00
ITEM_000052,ORD_10036,PROD_036,2,67.98,0,2025-01-01T00:00:00
ITEM_000053,ORD_10037,PROD_032,1,274.58,10,2025-01-01T00:00:00
ITEM_000054,ORD_10038,PROD_021,1,97.71,0,2025-01-01T00:00:00
ITEM_000055,ORD_10039,PROD_026,1,187.18,0,2025-01-01T00:00:00
ITEM_000056,ORD_10040,PROD_041,1,657.35,5,2025-01-01T00:00:00
ITEM_000057,ORD_10041,PROD_036,1,67.81,0,2025-01-01T00:00:00
ITEM_000058,ORD_10042,PROD_044,1,622.56,0,2025-01-01T00:00:00
ITEM_000059,ORD_10043,PROD_012,1,386.49,0,2025-01-01T00:00:00
ITEM_000060,ORD_10043,PROD_050,1,128.43,0,2025-01-01T00:00:00
ITEM_000061,ORD_10044,PROD_030,1,235.27,10,2025-01-01T00:00:00
ITEM_000062,ORD_10044,PROD_041,1,714.36,0,2025-01-01T00:00:00
ITEM_000063,ORD_10045,PROD_005,1,1197.39,0,2025-01-01T00:00:00
ITEM_000064,ORD_10046,PROD_046,2,449.69,0,2025-01-01T00:00:00
ITEM_000065,ORD_10046,PROD_018,1,190.2,15,2025-01-01T00:00:00
ITEM_000066,ORD_10047,PROD_029,1,262.72,0,2025-01-01T00:00:00
ITEM_000067,ORD_10048,PROD_043,1,756.93,5,2025-01-01T00:00:00
ITEM_000068,ORD_10048,PROD_017,1,178.84,0,2025-01-01T00:00:00
ITEM_000069,ORD_10049,PROD_036,1,61.92,0,2025-01-01T00:00:00
ITEM_000070,ORD_10049,PROD_004,1,1197.91,0,2025-01-01T00:00:00
ITEM_000071,ORD_10050,PROD_025,1,72.97,5,2025-01-01T00:00:00
ITEM_000072,ORD_10050,PROD_020,1,91.45,0,2025-01-01T00:00:00
ITEM_000073,ORD_10051,PROD_023,1,284.91,0,2025-01-01T00:00:00
ITEM_000074,ORD_10052,PROD_035,1,293.37,20,2025-01-01T00:00:00
ITEM_000075,ORD_10052,PROD_018,1,179.03,0,2025-01-01T00:00:00
ITEM_000076,ORD_10052,PROD_036,1,65.88,0,2025-01-01T00:00:00
ITEM_000077,ORD_10053,PROD_020,1,94.83,0,2025-01-01T00:00:00
ITEM_000078,ORD_10053,PROD_023,1,269.72,0,2025-01-01T00:00:00
ITEM_000079,ORD_10054,PROD_034,1,304.3,10,2025-01-01T00:00:00
ITEM_000080,ORD_10055,PROD_001,1,911.81,0,2025-01-01T00:00:00
ITEM_000081,ORD_10056,PROD_050,1,124.13,0,2025-01-01T00:00:00
ITEM_000082,ORD_10057,PROD_024,1,150.17,10,2025-01-01T00:00:00
ITEM_000083,ORD_10058,PROD_046,1,455.55,0,2025-01-01T00:00:00
ITEM_000084,ORD_10059,PROD_028,1,197.44,0,2025-01-01T00:00:00
ITEM_000085,ORD_10060,PROD_045,1,874.58,0,2025-01-01T00:00:00
ITEM_000086,ORD_10060,PROD_044,1,581.24,0,2025-01-01T00:00:00
ITEM_000087,ORD_10061,PROD_008,1,658.9,0,2025-01-01T00:00:00
ITEM_000088,ORD_10062,PROD_013,1,376.02,0,2025-01-01T00:00:00
ITEM_000089,ORD_10062,PROD_021,1,92.02,0,2025-01-01T00:00:00
ITEM_000090,ORD_10063,PROD_047,1,729.96,0,2025-01-01T00:00:00
ITEM_000091,ORD_10063,PROD_001,1,880.85,0,2025-01-01T00:00:00
ITEM_000092,ORD_10064,PROD_030,3,221.18,10,2025-01-01T00:00:00
ITEM_000093,ORD_10064,PROD_045,1,855.27,5,2025-01-01T00:00:00
ITEM_000094,ORD_10064,PROD_003,2,892.33,0,2025-01-01T00:00:00
ITEM_000095,ORD_10065,PROD_001,1,937.48,5,2025-01-01T00:00:00
ITEM_000096,ORD_10065,PROD_008,3,680.87,0,2025-01-01T00:00:00
ITEM_000097,ORD_10066,PROD_048,3,611.12,0,2025-01-01T00:00:00
ITEM_000098,ORD_10067,PROD_044,1,622.44,15,2025-01-01T00:00:00
ITEM_000099,ORD_10068,PROD_048,1,596.25,0,2025-01-01T00:00:00
ITEM_000100,ORD_10068,PROD_036,2,63.04,10,2025-01-01T00:00:00
ITEM_000101,ORD_10069,PROD_008,1,632.84,0,2025-01-01T00:00:00
ITEM_000102,ORD_10070,PROD_038,3,44.53,0,2025-01-01T00:00:00
ITEM_000103,ORD_10070,PROD_008,1,655.27,0,2025-01-01T00:00:00
ITEM_000104,ORD_10071,PROD_050,1,119.87,0,2025-01-01T00:00:00
ITEM_000105,ORD_10072,PROD_049,1,941.67,0,2025-01-01T00:00:00
ITEM_000106,ORD_10072,PROD_041,1,687.49,0,2025-01-01T00:00:00
ITEM_000107,ORD_10073,PROD_036,2,66.88,5,2025-01-01T00:00:00
ITEM_000108,ORD_10074,PROD_013,1,376.09,0,2025-01-01T00:00:00
ITEM_000109,ORD_10075,PROD_003,1,893.68,0,2025-01-01T00:00:00
ITEM_000110,ORD_10076,PROD_013,1,382.62,0,2025-01-01T00:00:00
ITEM_000111,ORD_10076,PROD_037,2,63.54,10,2025-01-01T00:00:00
ITEM_000112,ORD_10077,PROD_005,2,1253.89,0,2025-01-01T00:00:00
ITEM_000113,ORD_10078,PROD_030,1,213.77,0,2025-01-01T00:00:00
ITEM_000114,ORD_10079,PROD_002,1,905.72,0,2025-01-01T00:00:00
ITEM_000115,ORD_10080,PROD_005,1,1269.79,0,2025-01-01T00:00:00
ITEM_000116,ORD_10081,PROD_032,1,292.57,0,2025-01-01T00:00:00
ITEM_000117,ORD_10082,PROD_021,1,91.3,0,2025-01-01T00:00:00
ITEM_000118,ORD_10083,PROD_009,1,674.28,0,2025-01-01T00:00:00
ITEM_000119,ORD_10083,PROD_012,2,379.15,0,2025-01-01T00:00:00
ITEM_000120,ORD_10084,PROD_034,1,300.94,0,2025-01-01T00:00:00
ITEM_000121,ORD_10084,PROD_040,2,176.85,0,2025-01-01T00:00:00
ITEM_000122,ORD_10085,PROD_032,1,297.21,10,2025-01-01T00:00:00
ITEM_000123,ORD_10086,PROD_024,2,158.77,10,2025-01-01T00:00:00
ITEM_000124,ORD_10086,PROD_036,1,66.91,0,2025-01-01T00:00:00
ITEM_000125,ORD_10087,PROD_047,2,717.78,0,2025-01-01T00:00:00
ITEM_000126,ORD_10088,PROD_007,1,486.54,0,2025-01-01T00:00:00
ITEM_000127,ORD_10088,PROD_047,1,731.16,0,2025-01-01T00:00:00
ITEM_000128,ORD_10088,PROD_015,1,1844.85,0,2025-01-01T00:00:00
ITEM_000129,ORD_10089,PROD_023,2,273.86,0,2025-01-01T00:00:00
ITEM_000130,ORD_10089,PROD_044,1,575.18,0,2025-01-01T00:00:00
ITEM_000131,ORD_10090,PROD_011,2,1103.73,0,2025-01-01T00:00:00
ITEM_000132,ORD_10091,PROD_036,2,64.43,0,2025-01-01T00:00:00
ITEM_000133,ORD_10091,PROD_021,1,93.32,0,2025-01-01T00:00:00
ITEM_000134,ORD_10091,PROD_024,1,153.06,0,2025-01-01T00:00:00
ITEM_000135,ORD_10092,PROD_029,1,263.61,0,2025-01-01T00:00:00
ITEM_000136,ORD_10093,PROD_039,1,370.95,10,2025-01-01T00:00:00
ITEM_000137,ORD_10093,PROD_002,1,938.35,0,2025-01-01T00:00:00
ITEM_000138,ORD_10093,PROD_034,2,303.01,15,2025-01-01T00:00:00
ITEM_000139,ORD_10094,PROD_033,1,151.18,0,2025-01-01T00:00:00
ITEM_000140,ORD_10094,PROD_036,1,64.06,0,2025-01-01T00:00:00
ITEM_000141,ORD_10094,PROD_037,2,65.53,0,2025-01-01T00:00:00
ITEM_000142,ORD_10095,PROD_026,1,196.35,0,2025-01-01T00:00:00
ITEM_000143,ORD_10096,PROD_031,1,169.28,10,2025-01-01T00:00:00
ITEM_000144,ORD_10097,PROD_007,1,489.62,0,2025-01-01T00:00:00
ITEM_000145,ORD_10098,PROD_006,1,498.59,15,2025-01-01T00:00:00
ITEM_000146,ORD_10099,PROD_028,1,203.39,0,2025-01-01T00:00:00
ITEM_000147,ORD_10099,PROD_027,2,199.83,10,2025-01-01T00:00:00
ITEM_000148,ORD_10100,PROD_041,1,654.46,0,2025-01-01T00:00:00
ITEM_000149,ORD_10100,PROD_025,1,75.49,0,2025-01-01T00:00:00
ITEM_000150,ORD_10101,PROD_044,1,608.78,0,2025-01-01T00:00:00
ITEM_000151,ORD_10102,PROD_033,1,139.06,0,2025-01-01T00:00:00
ITEM_000152,ORD_10103,PROD_022,1,234.77,0,2025-01-01T00:00:00
ITEM_000153,ORD_10104,PROD_006,1,480.08,0,2025-01-01T00:00:00
ITEM_000154,ORD_10105,PROD_031,1,169.72,0,2025-01-01T00:00:00
ITEM_000155,ORD_10105,PROD_036,1,65.4,20,2025-01-01T00:00:00
ITEM_000156,ORD_10106,PROD_018,2,190.12,0,2025-01-01T00:00:00
ITEM_000157,ORD_10107,PROD_043,1,718.73,0,2025-01-01T00:00:00
ITEM_000158,ORD_10108,PROD_042,3,652.41,0,2025-01-01T00:00:00
ITEM_000159,ORD_10109,PROD_029,2,255.61,0,2025-01-01T00:00:00
ITEM_000160,ORD_10109,PROD_040,1,169.74,0,2025-01-01T00:00:00
ITEM_000161,ORD_10110,PROD_008,2,621.04,15,2025-01-01T00:00:00
ITEM_000162,ORD_10110,PROD_048,1,616.94,10,2025-01-01T00:00:00
ITEM_000163,ORD_10111,PROD_008,1,646.75,0,2025-01-01T00:00:00
ITEM_000164,ORD_10111,PROD_020,1,95.36,0,2025-01-01T00:00:00
ITEM_000165,ORD_10112,PROD_031,1,177.15,20,2025-01-01T00:00:00
ITEM_000166,ORD_10113,PROD_025,1,78.05,0,2025-01-01T00:00:00
ITEM_000167,ORD_10113,PROD_038,1,43.02,0,2025-01-01T00:00:00
ITEM_000168,ORD_10114,PROD_030,1,228.48,0,2025-01-01T00:00:00
ITEM_000169,ORD_10115,PROD_043,1,714.87,0,2025-01-01T00:00:00
ITEM_000170,ORD_10116,PROD_025,1,78.6,0,2025-01-01T00:00:00
ITEM_000171,ORD_10116,PROD_015,1,1872.7,0,2025-01-01T00:00:00
ITEM_000172,ORD_10117,PROD_013,2,395.03,0,2025-01-01T00:00:00
ITEM_000173,ORD_10118,PROD_016,1,359.57,0,2025-01-01T00:00:00
ITEM_000174,ORD_10119,PROD_002,1,911.5,0,2025-01-01T00:00:00
ITEM_000175,ORD_10119,PROD_023,1,288.64,20,2025-01-01T00:00:00
ITEM_000176,ORD_10120,PROD_017,2,192.01,10,2025-01-01T00:00:00
ITEM_000177,ORD_10121,PROD_036,1,67.92,0,2025-01-01T00:00:00
ITEM_000178,ORD_10122,PROD_009,3,623.21,0,2025-01-01T00:00:00
ITEM_000179,ORD_10123,PROD_041,1,666.33,0,2025-01-01T00:00:00
ITEM_000180,ORD_10123,PROD_044,1,623.0,15,2025-01-01T00:00:00
ITEM_000181,ORD_10124,PROD_014,1,1472.11,0,2025-01-01T00:00:00
ITEM_000182,ORD_10125,PROD_009,1,637.58,5,2025-01-01T00:00:00
ITEM_000183,ORD_10126,PROD_050,2,120.56,15,2025-01-01T00:00:00
ITEM_000184,ORD_10127,PROD_036,1,65.21,5,2025-01-01T00:00:00
ITEM_000185,ORD_10128,PROD_010,3,1048.24,0,2025-01-01T00:00:00
ITEM_000186,ORD_10128,PROD_047,1,784.59,0,2025-01-01T00:00:00
ITEM_000187,ORD_10129,PROD_041,1,669.51,5,2025-01-01T00:00:00
ITEM_000188,ORD_10129,PROD_048,1,576.24,5,2025-01-01T00:00:00
ITEM_000189,ORD_10130,PROD_037,1,65.73,0,2025-01-01T00:00:00
ITEM_000190,ORD_10131,PROD_006,1,494.12,0,2025-01-01T00:00:00
ITEM_000191,ORD_10132,PROD_046,1,439.39,10,2025-01-01T00:00:00
ITEM_000192,ORD_10132,PROD_042,1,660.17,0,2025-01-01T00:00:00
ITEM_000193,ORD_10133,PROD_001,1,935.29,0,2025-01-01T00:00:00
ITEM_000194,ORD_10133,PROD_018,1,179.5,0,2025-01-01T00:00:00
ITEM_000195,ORD_10134,PROD_029,2,269.98,10,2025-01-01T00:00:00
ITEM_000196,ORD_10134,PROD_040,1,173.73,5,2025-01-01T00:00:00
ITEM_000197,ORD_10134,PROD_032,1,294.24,5,2025-01-01T00:00:00
ITEM_000198,ORD_10135,PROD_037,1,65.16,10,2025-01-01T00:00:00
ITEM_000199,ORD_10135,PROD_039,2,385.79,0,2025-01-01T00:00:00
ITEM_000200,ORD_10135,PROD_035,1,281.5,20,2025-01-01T00:00:00
ITEM_000201,ORD_10136,PROD_048,1,567.59,0,2025-01-01T00:00:00
ITEM_000202,ORD_10137,PROD_013,2,390.97,0,2025-01-01T00:00:00
ITEM_000203,ORD_10137,PROD_019,1,184.28,0,2025-01-01T00:00:00
ITEM_000204,ORD_10137,PROD_029,1,253.2,0,2025-01-01T00:00:00
ITEM_000205,ORD_10138,PROD_029,1,270.9,0,2025-01-01T00:00:00
ITEM_000206,ORD_10138,PROD_006,1,506.24,0,2025-01-01T00:00:00
ITEM_000207,ORD_10139,PROD_029,2,252.41,0,2025-01-01T00:00:00
ITEM_000208,ORD_10140,PROD_030,2,219.38,0,2025-01-01T00:00:00
ITEM_000209,ORD_10140,PROD_006,1,499.38,5,2025-01-01T00:00:00
ITEM_000210,ORD_10141,PROD_029,1,268.55,0,2025-01-01T00:00:00
ITEM_000211,ORD_10142,PROD_033,1,151.52,0,2025-01-01T00:00:00
ITEM_000212,ORD_10142,PROD_040,1,179.69,15,2025-01-01T00:00:00
ITEM_000213,ORD_10143,PROD_010,1,1140.57,0,2025-01-01T00:00:00
ITEM_000214,ORD_10143,PROD_011,1,1091.15,0,2025-01-01T00:00:00
ITEM_000215,ORD_10144,PROD_041,3,663.13,10,2025-01-01T00:00:00
ITEM_000216,ORD_10145,PROD_049,2,960.68,0,2025-01-01T00:00:00
ITEM_000217,ORD_10146,PROD_001,1,904.66,0,2025-01-01T00:00:00
ITEM_000218,ORD_10147,PROD_030,1,223.69,0,2025-01-01T00:00:00
ITEM_000219,ORD_10147,PROD_027,1,202.45,0,2025-01-01T00:00:00
ITEM_000220,ORD_10148,PROD_014,1,1404.3,0,2025-01-01T00:00:00
ITEM_000221,ORD_10148,PROD_004,1,1205.67,0,2025-01-01T00:00:00
ITEM_000222,ORD_10149,PROD_022,1,233.95,0,2025-01-01T00:00:00
ITEM_000223,ORD_10149,PROD_006,1,493.35,0,2025-01-01T00:00:00
ITEM_000224,ORD_10150,PROD_036,1,62.9,0,2025-01-01T00:00:00
ITEM_000225,ORD_10151,PROD_006,2,476.41,10,2025-01-01T00:00:00
ITEM_000226,ORD_10151,PROD_050,1,128.23,10,2025-01-01T00:00:00
ITEM_000227,ORD_10151,PROD_020,2,94.72,0,2025-01-01T00:00:00
ITEM_000228,ORD_10152,PROD_027,1,195.48,0,2025-01-01T00:00:00
ITEM_000229,ORD_10153,PROD_047,1,785.95,0,2025-01-01T00:00:00
ITEM_000230,ORD_10154,PROD_039,1,376.81,0,2025-01-01T00:00:00
ITEM_000231,ORD_10154,PROD_046,1,446.13,20,2025-01-01T00:00:00
ITEM_000232,ORD_10155,PROD_037,1,64.98,5,2025-01-01T00:00:00
ITEM_000233,ORD_10156,PROD_040,1,178.65,20,2025-01-01T00:00:00
ITEM_000234,ORD_10156,PROD_015,1,1714.32,0,2025-01-01T00:00:00
ITEM_000235,ORD_10157,PROD_040,1,173.5,0,2025-01-01T00:00:00
ITEM_000236,ORD_10157,PROD_027,1,197.68,0,2025-01-01T00:00:00
ITEM_000237,ORD_10158,PROD_005,1,1225.97,0,2025-01-01T00:00:00
ITEM_000238,ORD_10159,PROD_044,1,585.08,0,2025-01-01T00:00:00
ITEM_000239,ORD_10160,PROD_012,1,408.19,15,2025-01-01T00:00:00
ITEM_000240,ORD_10160,PROD_013,1,393.99,0,2025-01-01T00:00:00
ITEM_000241,ORD_10160,PROD_022,2,236.56,0,2025-01-01T00:00:00
ITEM_000242,ORD_10161,PROD_030,1,234.63,0,2025-01-01T00:00:00
ITEM_000243,ORD_10161,PROD_027,1,196.27,0,2025-01-01T00:00:00
ITEM_000244,ORD_10162,PROD_037,2,66.21,5,2025-01-01T00:00:00
ITEM_000245,ORD_10163,PROD_010,3,1075.85,0,2025-01-01T00:00:00
ITEM_000246,ORD_10164,PROD_011,1,1111.63,0,2025-01-01T00:00:00
ITEM_000247,ORD_10164,PROD_037,2,66.84,0,2025-01-01T00:00:00
ITEM_000248,ORD_10165,PROD_018,1,177.36,10,2025-01-01T00:00:00
ITEM_000249,ORD_10165,PROD_027,1,201.42,0,2025-01-01T00:00:00
ITEM_000250,ORD_10166,PROD_024,2,159.42,5,2025-01-01T00:00:00
ITEM_000251,ORD_10167,PROD_002,1,921.76,15,2025-01-01T00:00:00
ITEM_000252,ORD_10168,PROD_031,1,179.07,0,2025-01-01T00:00:00
ITEM_000253,ORD_10169,PROD_007,1,500.62,15,2025-01-01T00:00:00
ITEM_000254,ORD_10170,PROD_047,2,715.24,0,2025-01-01T00:00:00
ITEM_000255,ORD_10171,PROD_020,1,99.11,0,2025-01-01T00:00:00
ITEM_000256,ORD_10172,PROD_030,1,233.76,0,2025-01-01T00:00:00
ITEM_000257,ORD_10173,PROD_002,1,918.14,0,2025-01-01T00:00:00
ITEM_000258,ORD_10173,PROD_037,1,63.05,0,2025-01-01T00:00:00
ITEM_000259,ORD_10174,PROD_043,1,708.52,0,2025-01-01T00:00:00
ITEM_000260,ORD_10174,PROD_008,1,679.79,0,2025-01-01T00:00:00
ITEM_000261,ORD_10175,PROD_036,1,63.82,0,2025-01-01T00:00:00
ITEM_000262,ORD_10176,PROD_016,2,333.66,0,2025-01-01T00:00:00
ITEM_000263,ORD_10177,PROD_004,1,1203.76,0,2025-01-01T00:00:00
ITEM_000264,ORD_10178,PROD_004,1,1198.26,0,2025-01-01T00:00:00
ITEM_000265,ORD_10179,PROD_041,1,698.66,0,2025-01-01T00:00:00
ITEM_000266,ORD_10179,PROD_045,1,923.41,5,2025-01-01T00:00:00
ITEM_000267,ORD_10180,PROD_049,1,1011.05,0,2025-01-01T00:00:00
ITEM_000268,ORD_10181,PROD_045,1,858.96,0,2025-01-01T00:00:00
ITEM_000269,ORD_10181,PROD_030,2,231.0,0,2025-01-01T00:00:00
ITEM_000270,ORD_10182,PROD_040,1,170.77,0,2025-01-01T00:00:00
ITEM_000271,ORD_10183,PROD_022,1,244.69,0,2025-01-01T00:00:00
ITEM_000272,ORD_10183,PROD_021,1,94.8,10,2025-01-01T00:00:00
ITEM_000273,ORD_10183,PROD_030,1,221.59,0,2025-01-01T00:00:00
ITEM_000274,ORD_10184,PROD_046,1,458.21,0,2025-01-01T00:00:00
ITEM_000275,ORD_10185,PROD_035,1,292.07,0,2025-01-01T00:00:00
ITEM_000276,ORD_10185,PROD_030,1,226.08,20,2025-01-01T00:00:00
ITEM_000277,ORD_10186,PROD_045,1,903.14,5,2025-01-01T00:00:00
ITEM_000278,ORD_10187,PROD_035,1,287.22,0,2025-01-01T00:00:00
ITEM_000279,ORD_10187,PROD_045,1,933.56,0,2025-01-01T00:00:00
ITEM_000280,ORD_10188,PROD_030,1,221.07,0,2025-01-01T00:00:00
ITEM_000281,ORD_10189,PROD_026,2,186.61,0,2025-01-01T00:00:00
ITEM_000282,ORD_10190,PROD_025,1,74.96,0,2025-01-01T00:00:00
ITEM_000283,ORD_10190,PROD_021,2,98.01,10,2025-01-01T00:00:00
ITEM_000284,ORD_10191,PROD_001,1,863.38,0,2025-01-01T00:00:00
ITEM_000285,ORD_10191,PROD_049,1,974.16,0,2025-01-01T00:00:00
ITEM_000286,ORD_10192,PROD_021,1,95.67,15,2025-01-01T00:00:00
ITEM_000287,ORD_10192,PROD_020,3,99.21,0,2025-01-01T00:00:00
ITEM_000288,ORD_10193,PROD_006,1,489.01,0,2025-01-01T00:00:00
ITEM_000289,ORD_10194,PROD_019,1,182.58,0,2025-01-01T00:00:00
ITEM_000290,ORD_10194,PROD_004,1,1275.42,10,2025-01-01T00:00:00
ITEM_000291,ORD_10195,PROD_002,1,888.89,0,2025-01-01T00:00:00
ITEM_000292,ORD_10195,PROD_016,1,352.31,0,2025-01-01T00:00:00
ITEM_000293,ORD_10196,PROD_012,1,394.01,0,2025-01-01T00:00:00
ITEM_000294,ORD_10197,PROD_027,1,204.7,0,2025-01-01T00:00:00
ITEM_000295,ORD_10197,PROD_010,1,1052.89,0,2025-01-01T00:00:00
ITEM_000296,ORD_10197,PROD_019,3,184.75,0,2025-01-01T00:00:00
ITEM_000297,ORD_10198,PROD_042,2,705.96,10,2025-01-01T00:00:00
ITEM_000298,ORD_10199,PROD_028,1,188.76,0,2025-01-01T00:00:00
ITEM_000299,ORD_10199,PROD_040,1,174.13,0,2025-01-01T00:00:00
ITEM_000300,ORD_10200,PROD_037,1,67.25,0,2025-01-01T00:00:00
ITEM_000301,ORD_10200,PROD_032,1,282.46,0,2025-01-01T00:00:00
ITEM_000302,ORD_10201,PROD_037,3,64.15,0,2025-01-01T00:00:00
ITEM_000303,ORD_10201,PROD_031,1,167.65,5,2025-01-01T00:00:00
ITEM_000304,ORD_10201,PROD_046,1,460.99,5,2025-01-01T00:00:00
ITEM_000305,ORD_10202,PROD_034,1,306.5,0,2025-01-01T00:00:00
ITEM_000306,ORD_10203,PROD_043,1,738.35,0,2025-01-01T00:00:00
ITEM_000307,ORD_10203,PROD_005,1,1264.13,15,2025-01-01T00:00:00
ITEM_000308,ORD_10204,PROD_030,1,225.28,0,2025-01-01T00:00:00
ITEM_000309,ORD_10205,PROD_019,2,181.1,0,2025-01-01T00:00:00
ITEM_000310,ORD_10206,PROD_047,1,732.03,0,2025-01-01T00:00:00
ITEM_000311,ORD_10206,PROD_037,1,65.47,0,2025-01-01T00:00:00
ITEM_000312,ORD_10207,PROD_002,1,893.64,0,2025-01-01T00:00:00
ITEM_000313,ORD_10207,PROD_019,1,190.25,0,2025-01-01T00:00:00
ITEM_000314,ORD_10208,PROD_017,1,176.01,0,2025-01-01T00:00:00
ITEM_000315,ORD_10209,PROD_010,1,1117.51,0,2025-01-01T00:00:00
ITEM_000316,ORD_10210,PROD_016,1,333.99,0,2025-01-01T00:00:00
ITEM_000317,ORD_10210,PROD_032,1,298.8,20,2025-01-01T00:00:00
ITEM_000318,ORD_10211,PROD_032,1,299.07,5,2025-01-01T00:00:00
ITEM_000319,ORD_10211,PROD_049,1,979.11,0,2025-01-01T00:00:00
ITEM_000320,ORD_10212,PROD_023,1,278.91,5,2025-01-01T00:00:00
ITEM_000321,ORD_10212,PROD_004,1,1208.45,0,2025-01-01T00:00:00
ITEM_000322,ORD_10213,PROD_049,1,958.77,0,2025-01-01T00:00:00
ITEM_000323,ORD_10213,PROD_035,1,288.0,0,2025-01-01T00:00:00
ITEM_000324,ORD_10214,PROD_029,1,261.87,0,2025-01-01T00:00:00
ITEM_000325,ORD_10215,PROD_007,1,477.91,10,2025-01-01T00:00:00
ITEM_000326,ORD_10215,PROD_035,1,299.49,0,2025-01-01T00:00:00
ITEM_000327,ORD_10215,PROD_041,1,705.71,0,2025-01-01T00:00:00
ITEM_000328,ORD_10216,PROD_044,1,609.82,5,2025-01-01T00:00:00
ITEM_000329,ORD_10217,PROD_022,1,249.35,20,2025-01-01T00:00:00
ITEM_000330,ORD_10218,PROD_001,1,924.69,0,2025-01-01T00:00:00
ITEM_000331,ORD_10219,PROD_029,1,261.07,5,2025-01-01T00:00:00
ITEM_000332,ORD_10220,PROD_040,1,167.86,15,2025-01-01T00:00:00
ITEM_000333,ORD_10221,PROD_039,1,370.44,20,2025-01-01T00:00:00
ITEM_000334,ORD_10221,PROD_041,1,692.17,0,2025-01-01T00:00:00
ITEM_000335,ORD_10222,PROD_012,1,402.73,0,2025-01-01T00:00:00
ITEM_000336,ORD_10222,PROD_008,2,678.35,0,2025-01-01T00:00:00
ITEM_000337,ORD_10223,PROD_028,1,198.75,0,2025-01-01T00:00:00
ITEM_000338,ORD_10224,PROD_050,1,119.67,5,2025-01-01T00:00:00
ITEM_000339,ORD_10225,PROD_004,1,1219.78,10,2025-01-01T00:00:00
ITEM_000340,ORD_10226,PROD_013,1,399.36,0,2025-01-01T00:00:00
ITEM_000341,ORD_10227,PROD_050,1,124.14,0,2025-01-01T00:00:00
ITEM_000342,ORD_10228,PROD_017,1,177.66,0,2025-01-01T00:00:00
ITEM_000343,ORD_10229,PROD_029,1,252.25,0,2025-01-01T00:00:00
ITEM_000344,ORD_10230,PROD_003,1,909.73,0,2025-01-01T00:00:00
ITEM_000345,ORD_10231,PROD_037,1,66.35,5,2025-01-01T00:00:00
ITEM_000346,ORD_10231,PROD_001,2,886.4,5,2025-01-01T00:00:00
ITEM_000347,ORD_10231,PROD_033,1,138.77,0,2025-01-01T00:00:00
ITEM_000348,ORD_10232,PROD_050,3,120.27,0,2025-01-01T00:00:00
ITEM_000349,ORD_10232,PROD_031,1,172.09,0,2025-01-01T00:00:00
ITEM_000350,ORD_10233,PROD_042,1,687.37,20,2025-01-01T00:00:00
ITEM_000351,ORD_10233,PROD_006,1,483.04,5,2025-01-01T00:00:00
ITEM_000352,ORD_10233,PROD_024,1,149.99,0,2025-01-01T00:00:00
ITEM_000353,ORD_10234,PROD_045,1,885.16,0,2025-01-01T00:00:00
ITEM_000354,ORD_10235,PROD_041,1,680.75,0,2025-01-01T00:00:00
ITEM_000355,ORD_10236,PROD_038,1,43.82,0,2025-01-01T00:00:00
ITEM_000356,ORD_10237,PROD_032,3,298.25,10,2025-01-01T00:00:00
ITEM_000357,ORD_10237,PROD_035,1,280.73,0,2025-01-01T00:00:00
ITEM_000358,ORD_10238,PROD_026,1,189.38,0,2025-01-01T00:00:00
ITEM_000359,ORD_10238,PROD_008,1,678.61,10,2025-01-01T00:00:00
ITEM_000360,ORD_10239,PROD_015,1,1716.64,0,2025-01-01T00:00:00
ITEM_000361,ORD_10239,PROD_005,1,1246.4,15,2025-01-01T00:00:00
ITEM_000362,ORD_10240,PROD_009,1,628.7,0,2025-01-01T00:00:00
ITEM_000363,ORD_10240,PROD_001,1,921.29,0,2025-01-01T00:00:00
ITEM_000364,ORD_10241,PROD_007,1,466.29,0,2025-01-01T00:00:00
ITEM_000365,ORD_10242,PROD_013,3,392.09,10,2025-01-01T00:00:00
ITEM_000366,ORD_10243,PROD_021,1,99.52,0,2025-01-01T00:00:00
ITEM_000367,ORD_10243,PROD_008,1,671.87,5,2025-01-01T00:00:00
ITEM_000368,ORD_10244,PROD_022,1,234.3,0,2025-01-01T00:00:00
ITEM_000369,ORD_10245,PROD_024,2,155.83,0,2025-01-01T00:00:00
ITEM_000370,ORD_10246,PROD_007,1,499.12,0,2025-01-01T00:00:00
ITEM_000371,ORD_10247,PROD_032,2,273.05,0,2025-01-01T00:00:00
ITEM_000372,ORD_10248,PROD_038,1,44.62,10,2025-01-01T00:00:00
ITEM_000373,ORD_10248,PROD_019,1,188.56,0,2025-01-01T00:00:00
ITEM_000374,ORD_10249,PROD_027,1,189.92,0,2025-01-01T00:00:00
ITEM_000375,ORD_10250,PROD_046,1,444.99,20,2025-01-01T00:00:00
ITEM_000376,ORD_10251,PROD_023,1,261.38,0,2025-01-01T00:00:00
ITEM_000377,ORD_10251,PROD_027,1,195.59,0,2025-01-01T00:00:00
ITEM_000378,ORD_10252,PROD_035,1,286.72,5,2025-01-01T00:00:00
ITEM_000379,ORD_10252,PROD_033,1,141.76,0,2025-01-01T00:00:00
ITEM_000380,ORD_10253,PROD_031,1,169.34,0,2025-01-01T00:00:00
ITEM_000381,ORD_10253,PROD_032,1,289.13,0,2025-01-01T00:00:00
ITEM_000382,ORD_10254,PROD_049,1,980.39,0,2025-01-01T00:00:00
ITEM_000383,ORD_10255,PROD_011,1,1131.4,0,2025-01-01T00:00:00
ITEM_000384,ORD_10256,PROD_047,1,756.95,0,2025-01-01T00:00:00
ITEM_000385,ORD_10256,PROD_029,1,269.69,0,2025-01-01T00:00:00
ITEM_000386,ORD_10257,PROD_007,1,472.25,0,2025-01-01T00:00:00
ITEM_000387,ORD_10258,PROD_005,1,1260.64,0,2025-01-01T00:00:00
ITEM_000388,ORD_10258,PROD_031,1,170.03,0,2025-01-01T00:00:00
ITEM_000389,ORD_10259,PROD_030,3,229.95,0,2025-01-01T00:00:00
ITEM_000390,ORD_10260,PROD_009,1,619.59,0,2025-01-01T00:00:00
ITEM_000391,ORD_10261,PROD_030,1,224.07,0,2025-01-01T00:00:00
ITEM_000392,ORD_10262,PROD_039,1,396.15,0,2025-01-01T00:00:00
ITEM_000393,ORD_10262,PROD_011,2,1063.69,20,2025-01-01T00:00:00
ITEM_000394,ORD_10263,PROD_034,1,294.68,20,2025-01-01T00:00:00
ITEM_000395,ORD_10264,PROD_018,1,189.26,5,2025-01-01T00:00:00
ITEM_000396,ORD_10264,PROD_001,2,879.54,0,2025-01-01T00:00:00
ITEM_000397,ORD_10265,PROD_010,1,1145.51,10,2025-01-01T00:00:00
ITEM_000398,ORD_10266,PROD_031,1,179.09,0,2025-01-01T00:00:00
ITEM_000399,ORD_10267,PROD_045,1,923.76,0,2025-01-01T00:00:00
ITEM_000400,ORD_10268,PROD_001,1,912.29,0,2025-01-01T00:00:00
ITEM_000401,ORD_10269,PROD_016,1,350.09,0,2025-01-01T00:00:00
ITEM_000402,ORD_10270,PROD_046,1,443.19,0,2025-01-01T00:00:00
ITEM_000403,ORD_10271,PROD_030,1,233.42,0,2025-01-01T00:00:00
ITEM_000404,ORD_10271,PROD_050,1,123.38,0,2025-01-01T00:00:00
ITEM_000405,ORD_10271,PROD_009,2,673.42,0,2025-01-01T00:00:00
ITEM_000406,ORD_10272,PROD_003,1,876.79,5,2025-01-01T00:00:00
ITEM_000407,ORD_10273,PROD_037,2,66.87,0,2025-01-01T00:00:00
ITEM_000408,ORD_10273,PROD_014,2,1484.19,0,2025-01-01T00:00:00
ITEM_000409,ORD_10274,PROD_004,1,1235.37,0,2025-01-01T00:00:00
ITEM_000410,ORD_10274,PROD_008,1,641.32,0,2025-01-01T00:00:00
ITEM_000411,ORD_10275,PROD_050,1,121.31,20,2025-01-01T00:00:00
ITEM_000412,ORD_10276,PROD_031,2,179.15,5,2025-01-01T00:00:00
ITEM_000413,ORD_10277,PROD_049,2,1010.7,0,2025-01-01T00:00:00
ITEM_000414,ORD_10277,PROD_048,1,595.21,0,2025-01-01T00:00:00
ITEM_000415,ORD_10278,PROD_029,1,264.64,0,2025-01-01T00:00:00
ITEM_000416,ORD_10279,PROD_044,1,618.77,0,2025-01-01T00:00:00
ITEM_000417,ORD_10279,PROD_035,3,300.11,0,2025-01-01T00:00:00
ITEM_000418,ORD_10280,PROD_013,1,378.7,0,2025-01-01T00:00:00
ITEM_000419,ORD_10280,PROD_030,1,235.31,0,2025-01-01T00:00:00
ITEM_000420,ORD_10281,PROD_010,1,1099.6,10,2025-01-01T00:00:00
ITEM_000421,ORD_10282,PROD_019,1,193.69,0,2025-01-01T00:00:00
ITEM_000422,ORD_10282,PROD_027,1,192.01,0,2025-01-01T00:00:00
ITEM_000423,ORD_10283,PROD_005,2,1190.25,10,2025-01-01T00:00:00
ITEM_000424,ORD_10284,PROD_022,1,242.84,0,2025-01-01T00:00:00
ITEM_000425,ORD_10285,PROD_038,1,45.75,0,2025-01-01T00:00:00
ITEM_000426,ORD_10286,PROD_037,1,62.61,5,2025-01-01T00:00:00
ITEM_000427,ORD_10287,PROD_031,2,172.76,0,2025-01-01T00:00:00
ITEM_000428,ORD_10288,PROD_019,2,184.18,0,2025-01-01T00:00:00
ITEM_000429,ORD_10289,PROD_019,1,193.75,10,2025-01-01T00:00:00
ITEM_000430,ORD_10289,PROD_012,1,401.57,0,2025-01-01T00:00:00
ITEM_000431,ORD_10290,PROD_021,1,95.71,0,2025-01-01T00:00:00
ITEM_000432,ORD_10291,PROD_046,1,424.29,0,2025-01-01T00:00:00
ITEM_000433,ORD_10292,PROD_035,1,309.03,0,2025-01-01T00:00:00
ITEM_000434,ORD_10293,PROD_032,2,292.65,15,2025-01-01T00:00:00
ITEM_000435,ORD_10294,PROD_048,1,597.75,0,2025-01-01T00:00:00
ITEM_000436,ORD_10295,PROD_019,3,193.69,5,2025-01-01T00:00:00
ITEM_000437,ORD_10296,PROD_037,1,67.64,0,2025-01-01T00:00:00
ITEM_000438,ORD_10296,PROD_047,1,767.37,15,2025-01-01T00:00:00
ITEM_000439,ORD_10297,PROD_020,1,90.49,0,2025-01-01T00:00:00
ITEM_000440,ORD_10298,PROD_021,1,90.77,0,2025-01-01T00:00:00
ITEM_000441,ORD_10299,PROD_050,1,122.22,0,2025-01-01T00:00:00
ITEM_000442,ORD_10300,PROD_043,1,758.18,20,2025-01-01T00:00:00
ITEM_000443,ORD_10301,PROD_039,2,389.05,15,2025-01-01T00:00:00
ITEM_000444,ORD_10302,PROD_010,1,1123.76,0,2025-01-01T00:00:00
ITEM_000445,ORD_10303,PROD_023,2,270.91,20,2025-01-01T00:00:00
ITEM_000446,ORD_10304,PROD_047,1,779.09,5,2025-01-01T00:00:00
ITEM_000447,ORD_10305,PROD_011,1,1133.62,20,2025-01-01T00:00:00
ITEM_000448,ORD_10306,PROD_009,1,656.37,0,2025-01-01T00:00:00
ITEM_000449,ORD_10306,PROD_038,1,47.2,0,2025-01-01T00:00:00
ITEM_000450,ORD_10307,PROD_038,2,43.15,0,2025-01-01T00:00:00
ITEM_000451,ORD_10307,PROD_049,1,976.58,0,2025-01-01T00:00:00
ITEM_000452,ORD_10307,PROD_025,1,76.91,0,2025-01-01T00:00:00
ITEM_000453,ORD_10308,PROD_036,1,64.94,10,2025-01-01T00:00:00
ITEM_000454,ORD_10309,PROD_032,1,286.69,0,2025-01-01T00:00:00
ITEM_000455,ORD_10310,PROD_017,1,181.3,0,2025-01-01T00:00:00
ITEM_000456,ORD_10311,PROD_043,1,753.47,0,2025-01-01T00:00:00
ITEM_000457,ORD_10312,PROD_016,3,331.87,0,2025-01-01T00:00:00
ITEM_000458,ORD_10312,PROD_002,1,856.22,5,2025-01-01T00:00:00
ITEM_000459,ORD_10313,PROD_017,1,187.37,0,2025-01-01T00:00:00
ITEM_000460,ORD_10314,PROD_033,1,148.38,0,2025-01-01T00:00:00
ITEM_000461,ORD_10315,PROD_010,1,1080.16,10,2025-01-01T00:00:00
ITEM_000462,ORD_10316,PROD_018,3,182.43,0,2025-01-01T00:00:00
ITEM_000463,ORD_10317,PROD_019,1,185.55,15,2025-01-01T00:00:00
ITEM_000464,ORD_10318,PROD_012,1,378.98,5,2025-01-01T00:00:00
ITEM_000465,ORD_10318,PROD_049,1,1021.69,10,2025-01-01T00:00:00
ITEM_000466,ORD_10319,PROD_044,1,606.78,0,2025-01-01T00:00:00
ITEM_000467,ORD_10320,PROD_010,1,1046.42,0,2025-01-01T00:00:00
ITEM_000468,ORD_10321,PROD_022,1,255.31,0,2025-01-01T00:00:00
ITEM_000469,ORD_10322,PROD_013,1,406.66,0,2025-01-01T00:00:00
ITEM_000470,ORD_10323,PROD_035,1,300.97,10,2025-01-01T00:00:00
ITEM_000471,ORD_10323,PROD_046,1,463.51,0,2025-01-01T00:00:00
ITEM_000472,ORD_10323,PROD_036,1,61.86,0,2025-01-01T00:00:00
ITEM_000473,ORD_10324,PROD_029,1,275.33,0,2025-01-01T00:00:00
ITEM_000474,ORD_10325,PROD_046,1,436.31,5,2025-01-01T00:00:00
ITEM_000475,ORD_10326,PROD_045,1,862.99,0,2025-01-01T00:00:00
ITEM_000476,ORD_10327,PROD_006,1,481.35,5,2025-01-01T00:00:00
ITEM_000477,ORD_10328,PROD_031,1,179.5,0,2025-01-01T00:00:00
ITEM_000478,ORD_10329,PROD_033,1,138.61,0,2025-01-01T00:00:00
ITEM_000479,ORD_10329,PROD_038,1,43.05,0,2025-01-01T00:00:00
ITEM_000480,ORD_10330,PROD_039,1,388.37,0,2025-01-01T00:00:00
ITEM_000481,ORD_10330,PROD_014,1,1381.74,0,2025-01-01T00:00:00
ITEM_000482,ORD_10331,PROD_038,1,44.32,0,2025-01-01T00:00:00
ITEM_000483,ORD_10332,PROD_016,1,347.42,0,2025-01-01T00:00:00
ITEM_000484,ORD_10332,PROD_033,1,137.95,0,2025-01-01T00:00:00
ITEM_000485,ORD_10333,PROD_049,1,988.66,20,2025-01-01T00:00:00
ITEM_000486,ORD_10334,PROD_033,1,150.09,0,2025-01-01T00:00:00
ITEM_000487,ORD_10335,PROD_044,1,622.24,0,2025-01-01T00:00:00
ITEM_000488,ORD_10336,PROD_014,1,1452.07,0,2025-01-01T00:00:00
ITEM_000489,ORD_10337,PROD_030,1,216.23,0,2025-01-01T00:00:00
ITEM_000490,ORD_10338,PROD_036,1,62.01,0,2025-01-01T00:00:00
ITEM_000491,ORD_10338,PROD_047,1,733.77,0,2025-01-01T00:00:00
ITEM_000492,ORD_10339,PROD_029,1,262.54,20,2025-01-01T00:00:00
ITEM_000493,ORD_10339,PROD_015,2,1864.22,10,2025-01-01T00:00:00
ITEM_000494,ORD_10339,PROD_036,1,67.85,0,2025-01-01T00:00:00
ITEM_000495,ORD_10340,PROD_044,1,588.83,0,2025-01-01T00:00:00
ITEM_000496,ORD_10340,PROD_007,1,466.53,0,2025-01-01T00:00:00
ITEM_000497,ORD_10341,PROD_048,1,586.89,0,2025-01-01T00:00:00
ITEM_000498,ORD_10341,PROD_011,1,1137.84,0,2025-01-01T00:00:00
ITEM_000499,ORD_10341,PROD_005,1,1240.59,0,2025-01-01T00:00:00
ITEM_000500,ORD_10342,PROD_038,2,46.15,10,2025-01-01T00:00:00
ITEM_000501,ORD_10342,PROD_018,3,182.34,0,2025-01-01T00:00:00
ITEM_000502,ORD_10343,PROD_033,1,148.89,0,2025-01-01T00:00:00
ITEM_000503,ORD_10343,PROD_018,1,184.95,0,2025-01-01T00:00:00
ITEM_000504,ORD_10343,PROD_010,1,1055.96,0,2025-01-01T00:00:00
ITEM_000505,ORD_10344,PROD_012,1,399.13,0,2025-01-01T00:00:00
ITEM_000506,ORD_10344,PROD_025,1,75.92,5,2025-01-01T00:00:00
ITEM_000507,ORD_10345,PROD_032,1,293.34,0,2025-01-01T00:00:00
ITEM_000508,ORD_10346,PROD_017,1,185.79,10,2025-01-01T00:00:00
ITEM_000509,ORD_10347,PROD_049,2,938.86,0,2025-01-01T00:00:00
ITEM_000510,ORD_10348,PROD_021,1,98.35,0,2025-01-01T00:00:00
ITEM_000511,ORD_10349,PROD_043,1,751.13,0,2025-01-01T00:00:00
ITEM_000512,ORD_10350,PROD_009,1,637.81,0,2025-01-01T00:00:00
ITEM_000513,ORD_10351,PROD_032,1,289.56,0,2025-01-01T00:00:00
ITEM_000514,ORD_10352,PROD_011,1,1100.74,0,2025-01-01T00:00:00
ITEM_000515,ORD_10353,PROD_040,1,179.66,0,2025-01-01T00:00:00
ITEM_000516,ORD_10353,PROD_044,1,600.38,0,2025-01-01T00:00:00
ITEM_000517,ORD_10353,PROD_023,1,283.51,0,2025-01-01T00:00:00
ITEM_000518,ORD_10354,PROD_025,1,74.46,20,2025-01-01T00:00:00
ITEM_000519,ORD_10354,PROD_007,1,463.49,0,2025-01-01T00:00:00
ITEM_000520,ORD_10355,PROD_006,1,504.9,0,2025-01-01T00:00:00
ITEM_000521,ORD_10356,PROD_002,1,898.44,0,2025-01-01T00:00:00
ITEM_000522,ORD_10357,PROD_033,1,150.82,0,2025-01-01T00:00:00
ITEM_000523,ORD_10358,PROD_021,1,93.84,0,2025-01-01T00:00:00
ITEM_000524,ORD_10359,PROD_007,1,493.49,0,2025-01-01T00:00:00
ITEM_000525,ORD_10359,PROD_045,1,918.71,0,2025-01-01T00:00:00
ITEM_000526,ORD_10360,PROD_028,3,189.18,0,2025-01-01T00:00:00
ITEM_000527,ORD_10361,PROD_035,1,286.57,0,2025-01-01T00:00:00
ITEM_000528,ORD_10362,PROD_015,1,1822.42,20,2025-01-01T00:00:00
ITEM_000529,ORD_10363,PROD_038,2,44.27,0,2025-01-01T00:00:00
ITEM_000530,ORD_10364,PROD_014,2,1427.86,0,2025-01-01T00:00:00
ITEM_000531,ORD_10365,PROD_020,1,94.36,0,2025-01-01T00:00:00
ITEM_000532,ORD_10366,PROD_040,1,175.27,0,2025-01-01T00:00:00
ITEM_000533,ORD_10367,PROD_041,1,686.11,0,2025-01-01T00:00:00
ITEM_000534,ORD_10367,PROD_046,2,452.16,10,2025-01-01T00:00:00
ITEM_000535,ORD_10368,PROD_041,1,687.24,0,2025-01-01T00:00:00
ITEM_000536,ORD_10369,PROD_037,1,66.47,0,2025-01-01T00:00:00
ITEM_000537,ORD_10370,PROD_016,1,332.94,0,2025-01-01T00:00:00
ITEM_000538,ORD_10371,PROD_021,1,98.42,15,2025-01-01T00:00:00
ITEM_000539,ORD_10372,PROD_018,1,187.7,0,2025-01-01T00:00:00
ITEM_000540,ORD_10372,PROD_019,1,183.26,0,2025-01-01T00:00:00
ITEM_000541,ORD_10373,PROD_020,1,94.66,0,2025-01-01T00:00:00
ITEM_000542,ORD_10374,PROD_003,1,864.51,0,2025-01-01T00:00:00
ITEM_000543,ORD_10374,PROD_013,1,406.99,0,2025-01-01T00:00:00
ITEM_000544,ORD_10375,PROD_047,2,771.17,0,2025-01-01T00:00:00
ITEM_000545,ORD_10375,PROD_032,1,279.7,0,2025-01-01T00:00:00
ITEM_000546,ORD_10376,PROD_024,2,153.4,10,2025-01-01T00:00:00
ITEM_000547,ORD_10376,PROD_043,1,705.86,0,2025-01-01T00:00:00
ITEM_000548,ORD_10376,PROD_006,1,466.6,0,2025-01-01T00:00:00
ITEM_000549,ORD_10377,PROD_034,1,294.9,0,2025-01-01T00:00:00
ITEM_000550,ORD_10377,PROD_017,2,190.05,0,2025-01-01T00:00:00
ITEM_000551,ORD_10378,PROD_048,1,620.91,0,2025-01-01T00:00:00
ITEM_000552,ORD_10378,PROD_016,1,335.14,0,2025-01-01T00:00:00
ITEM_000553,ORD_10379,PROD_004,1,1254.18,0,2025-01-01T00:00:00
ITEM_000554,ORD_10379,PROD_032,1,286.3,0,2025-01-01T00:00:00
ITEM_000555,ORD_10380,PROD_010,2,1084.93,5,2025-01-01T00:00:00
ITEM_000556,ORD_10381,PROD_039,1,367.09,5,2025-01-01T00:00:00
ITEM_000557,ORD_10382,PROD_043,1,706.13,0,2025-01-01T00:00:00
ITEM_000558,ORD_10383,PROD_024,1,155.54,0,2025-01-01T00:00:00
ITEM_000559,ORD_10383,PROD_044,2,565.72,20,2025-01-01T00:00:00
ITEM_000560,ORD_10383,PROD_008,2,677.17,0,2025-01-01T00:00:00
ITEM_000561,ORD_10384,PROD_020,1,98.41,0,2025-01-01T00:00:00
ITEM_000562,ORD_10384,PROD_014,1,1423.49,10,2025-01-01T00:00:00
ITEM_000563,ORD_10385,PROD_018,1,190.98,15,2025-01-01T00:00:00
ITEM_000564,ORD_10385,PROD_006,1,480.78,10,2025-01-01T00:00:00
ITEM_000565,ORD_10386,PROD_007,1,494.63,0,2025-01-01T00:00:00
ITEM_000566,ORD_10386,PROD_011,1,1111.23,10,2025-01-01T00:00:00
ITEM_000567,ORD_10387,PROD_002,1,918.45,0,2025-01-01T00:00:00
ITEM_000568,ORD_10388,PROD_042,1,660.07,0,2025-01-01T00:00:00
ITEM_000569,ORD_10389,PROD_006,1,466.13,0,2025-01-01T00:00:00
ITEM_000570,ORD_10390,PROD_042,1,659.66,0,2025-01-01T00:00:00
ITEM_000571,ORD_10390,PROD_049,2,1028.28,0,2025-01-01T00:00:00
ITEM_000572,ORD_10391,PROD_012,1,402.4,10,2025-01-01T00:00:00
ITEM_000573,ORD_10392,PROD_027,1,192.42,0,2025-01-01T00:00:00
ITEM_000574,ORD_10393,PROD_037,1,61.88,0,2025-01-01T00:00:00
ITEM_000575,ORD_10393,PROD_015,1,1820.16,0,2025-01-01T00:00:00
ITEM_000576,ORD_10394,PROD_017,1,188.72,0,2025-01-01T00:00:00
ITEM_000577,ORD_10395,PROD_017,1,178.51,20,2025-01-01T00:00:00
ITEM_000578,ORD_10396,PROD_001,2,914.56,0,2025-01-01T00:00:00
ITEM_000579,ORD_10397,PROD_044,1,594.65,0,2025-01-01T00:00:00
ITEM_000580,ORD_10398,PROD_018,2,184.89,0,2025-01-01T00:00:00
ITEM_000581,ORD_10398,PROD_019,1,186.85,20,2025-01-01T00:00:00
ITEM_000582,ORD_10398,PROD_048,1,605.54,0,2025-01-01T00:00:00
ITEM_000583,ORD_10399,PROD_019,1,193.81,0,2025-01-01T00:00:00
ITEM_000584,ORD_10400,PROD_038,1,45.83,0,2025-01-01T00:00:00
ITEM_000585,ORD_10401,PROD_021,1,99.51,0,2025-01-01T00:00:00
ITEM_000586,ORD_10402,PROD_028,1,199.6,0,2025-01-01T00:00:00
ITEM_000587,ORD_10403,PROD_022,1,255.56,0,2025-01-01T00:00:00
ITEM_000588,ORD_10404,PROD_043,1,740.19,10,2025-01-01T00:00:00
ITEM_000589,ORD_10404,PROD_039,3,385.17,0,2025-01-01T00:00:00
ITEM_000590,ORD_10405,PROD_009,1,620.17,0,2025-01-01T00:00:00
ITEM_000591,ORD_10405,PROD_036,1,64.95,0,2025-01-01T00:00:00
ITEM_000592,ORD_10406,PROD_046,1,446.35,0,2025-01-01T00:00:00
ITEM_000593,ORD_10407,PROD_009,1,649.95,20,2025-01-01T00:00:00
ITEM_000594,ORD_10408,PROD_028,1,190.77,10,2025-01-01T00:00:00
ITEM_000595,ORD_10409,PROD_017,1,181.54,10,2025-01-01T00:00:00
ITEM_000596,ORD_10409,PROD_034,1,309.59,5,2025-01-01T00:00:00
ITEM_000597,ORD_10410,PROD_043,1,746.62,0,2025-01-01T00:00:00
ITEM_000598,ORD_10410,PROD_041,1,666.5,0,2025-01-01T00:00:00
ITEM_000599,ORD_10411,PROD_028,1,204.66,15,2025-01-01T00:00:00
ITEM_000600,ORD_10411,PROD_008,1,640.67,5,2025-01-01T00:00:00
ITEM_000601,ORD_10412,PROD_047,1,777.52,0,2025-01-01T00:00:00
ITEM_000602,ORD_10413,PROD_012,1,404.87,10,2025-01-01T00:00:00
ITEM_000603,ORD_10413,PROD_011,3,1117.95,0,2025-01-01T00:00:00
ITEM_000604,ORD_10414,PROD_050,1,125.88,0,2025-01-01T00:00:00
ITEM_000605,ORD_10415,PROD_044,1,618.05,0,2025-01-01T00:00:00
ITEM_000606,ORD_10415,PROD_007,1,493.76,0,2025-01-01T00:00:00
ITEM_000607,ORD_10416,PROD_021,1,91.02,10,2025-01-01T00:00:00
ITEM_000608,ORD_10416,PROD_010,1,1094.95,20,2025-01-01T00:00:00
ITEM_000609,ORD_10416,PROD_002,1,850.77,20,2025-01-01T00:00:00
ITEM_000610,ORD_10417,PROD_021,2,91.48,10,2025-01-01T00:00:00
ITEM_000611,ORD_10417,PROD_047,1,733.72,5,2025-01-01T00:00:00
ITEM_000612,ORD_10417,PROD_037,1,65.31,0,2025-01-01T00:00:00
ITEM_000613,ORD_10418,PROD_016,1,361.04,10,2025-01-01T00:00:00
ITEM_000614,ORD_10419,PROD_011,1,1130.74,0,2025-01-01T00:00:00
ITEM_000615,ORD_10419,PROD_025,1,76.16,0,2025-01-01T00:00:00
ITEM_000616,ORD_10420,PROD_020,1,98.84,0,2025-01-01T00:00:00
ITEM_000617,ORD_10421,PROD_024,2,155.2,0,2025-01-01T00:00:00
ITEM_000618,ORD_10422,PROD_037,1,65.65,0,2025-01-01T00:00:00
ITEM_000619,ORD_10423,PROD_012,1,392.4,0,2025-01-01T00:00:00
ITEM_000620,ORD_10424,PROD_030,1,228.97,0,2025-01-01T00:00:00
ITEM_000621,ORD_10425,PROD_034,1,295.73,0,2025-01-01T00:00:00
ITEM_000622,ORD_10425,PROD_041,1,712.89,0,2025-01-01T00:00:00
ITEM_000623,ORD_10425,PROD_042,2,659.5,15,2025-01-01T00:00:00
ITEM_000624,ORD_10426,PROD_019,2,186.27,0,2025-01-01T00:00:00
ITEM_000625,ORD_10427,PROD_033,1,143.91,0,2025-01-01T00:00:00
ITEM_000626,ORD_10428,PROD_017,1,182.33,0,2025-01-01T00:00:00
ITEM_000627,ORD_10429,PROD_048,1,604.61,0,2025-01-01T00:00:00
ITEM_000628,ORD_10430,PROD_006,1,480.94,5,2025-01-01T00:00:00
ITEM_000629,ORD_10431,PROD_049,1,980.07,10,2025-01-01T00:00:00
ITEM_000630,ORD_10431,PROD_043,1,755.31,10,2025-01-01T00:00:00
ITEM_000631,ORD_10432,PROD_039,1,375.73,0,2025-01-01T00:00:00
ITEM_000632,ORD_10433,PROD_026,1,187.53,0,2025-01-01T00:00:00
ITEM_000633,ORD_10434,PROD_043,1,732.39,0,2025-01-01T00:00:00
ITEM_000634,ORD_10434,PROD_048,1,623.2,0,2025-01-01T00:00:00
ITEM_000635,ORD_10435,PROD_026,1,186.96,0,2025-01-01T00:00:00
ITEM_000636,ORD_10435,PROD_020,1,98.0,0,2025-01-01T00:00:00
ITEM_000637,ORD_10436,PROD_031,1,177.6,0,2025-01-01T00:00:00
ITEM_000638,ORD_10437,PROD_035,1,282.79,5,2025-01-01T00:00:00
ITEM_000639,ORD_10437,PROD_013,2,391.91,0,2025-01-01T00:00:00
ITEM_000640,ORD_10438,PROD_029,1,264.24,10,2025-01-01T00:00:00
ITEM_000641,ORD_10438,PROD_032,2,276.49,0,2025-01-01T00:00:00
ITEM_000642,ORD_10439,PROD_001,1,859.44,10,2025-01-01T00:00:00
ITEM_000643,ORD_10440,PROD_032,1,291.76,0,2025-01-01T00:00:00
ITEM_000644,ORD_10441,PROD_032,1,282.14,0,2025-01-01T00:00:00
ITEM_000645,ORD_10442,PROD_032,1,272.48,0,2025-01-01T00:00:00
ITEM_000646,ORD_10442,PROD_015,1,1809.59,0,2025-01-01T00:00:00
ITEM_000647,ORD_10442,PROD_046,1,462.32,0,2025-01-01T00:00:00
ITEM_000648,ORD_10443,PROD_029,1,263.31,0,2025-01-01T00:00:00
ITEM_000649,ORD_10443,PROD_045,1,892.25,0,2025-01-01T00:00:00
ITEM_000650,ORD_10444,PROD_044,2,585.43,0,2025-01-01T00:00:00
ITEM_000651,ORD_10445,PROD_009,1,664.49,0,2025-01-01T00:00:00
ITEM_000652,ORD_10445,PROD_019,1,193.16,0,2025-01-01T00:00:00
ITEM_000653,ORD_10446,PROD_011,1,1113.4,0,2025-01-01T00:00:00
ITEM_000654,ORD_10447,PROD_009,1,630.47,0,2025-01-01T00:00:00
ITEM_000655,ORD_10447,PROD_012,1,391.68,20,2025-01-01T00:00:00
ITEM_000656,ORD_10448,PROD_004,1,1312.41,0,2025-01-01T00:00:00
ITEM_000657,ORD_10449,PROD_012,1,376.51,0,2025-01-01T00:00:00
ITEM_000658,ORD_10449,PROD_033,1,146.7,0,2025-01-01T00:00:00
ITEM_000659,ORD_10450,PROD_022,1,251.98,5,2025-01-01T00:00:00
ITEM_000660,ORD_10451,PROD_010,1,1138.87,10,2025-01-01T00:00:00
ITEM_000661,ORD_10452,PROD_004,1,1303.33,0,2025-01-01T00:00:00
ITEM_000662,ORD_10453,PROD_008,2,668.31,0,2025-01-01T00:00:00
ITEM_000663,ORD_10453,PROD_007,1,465.69,0,2025-01-01T00:00:00
ITEM_000664,ORD_10454,PROD_008,1,674.11,15,2025-01-01T00:00:00
ITEM_000665,ORD_10455,PROD_029,2,271.94,0,2025-01-01T00:00:00
ITEM_000666,ORD_10456,PROD_024,2,152.44,0,2025-01-01T00:00:00
ITEM_000667,ORD_10457,PROD_027,2,200.25,0,2025-01-01T00:00:00
ITEM_000668,ORD_10458,PROD_019,1,185.09,0,2025-01-01T00:00:00
ITEM_000669,ORD_10459,PROD_024,1,157.56,0,2025-01-01T00:00:00
ITEM_000670,ORD_10459,PROD_041,2,679.64,0,2025-01-01T00:00:00
ITEM_000671,ORD_10460,PROD_027,1,202.76,20,2025-01-01T00:00:00
ITEM_000672,ORD_10461,PROD_002,2,863.28,0,2025-01-01T00:00:00
ITEM_000673,ORD_10461,PROD_029,1,276.76,0,2025-01-01T00:00:00
ITEM_000674,ORD_10462,PROD_011,2,1088.26,0,2025-01-01T00:00:00
ITEM_000675,ORD_10462,PROD_028,3,188.19,0,2025-01-01T00:00:00
ITEM_000676,ORD_10462,PROD_004,2,1310.01,5,2025-01-01T00:00:00
ITEM_000677,ORD_10463,PROD_027,1,198.92,10,2025-01-01T00:00:00
ITEM_000678,ORD_10463,PROD_026,2,191.37,0,2025-01-01T00:00:00
ITEM_000679,ORD_10463,PROD_044,1,618.81,0,2025-01-01T00:00:00
ITEM_000680,ORD_10464,PROD_042,1,664.8,0,2025-01-01T00:00:00
ITEM_000681,ORD_10465,PROD_045,1,929.7,5,2025-01-01T00:00:00
ITEM_000682,ORD_10465,PROD_023,1,266.68,0,2025-01-01T00:00:00
ITEM_000683,ORD_10466,PROD_047,1,766.42,10,2025-01-01T00:00:00
ITEM_000684,ORD_10467,PROD_014,1,1390.96,0,2025-01-01T00:00:00
ITEM_000685,ORD_10468,PROD_011,1,1048.07,5,2025-01-01T00:00:00
ITEM_000686,ORD_10468,PROD_002,1,871.85,5,2025-01-01T00:00:00
ITEM_000687,ORD_10469,PROD_008,1,672.2,0,2025-01-01T00:00:00
ITEM_000688,ORD_10469,PROD_047,2,721.79,5,2025-01-01T00:00:00
ITEM_000689,ORD_10469,PROD_004,1,1243.59,0,2025-01-01T00:00:00
ITEM_000690,ORD_10470,PROD_016,1,355.54,20,2025-01-01T00:00:00
ITEM_000691,ORD_10471,PROD_041,1,687.28,0,2025-01-01T00:00:00
ITEM_000692,ORD_10471,PROD_043,1,709.38,5,2025-01-01T00:00:00
ITEM_000693,ORD_10472,PROD_046,1,445.88,0,2025-01-01T00:00:00
ITEM_000694,ORD_10472,PROD_025,1,75.62,10,2025-01-01T00:00:00
ITEM_000695,ORD_10473,PROD_046,1,441.69,0,2025-01-01T00:00:00
ITEM_000696,ORD_10474,PROD_009,1,648.46,0,2025-01-01T00:00:00
ITEM_000697,ORD_10475,PROD_038,2,45.27,5,2025-01-01T00:00:00
ITEM_000698,ORD_10476,PROD_041,2,679.75,0,2025-01-01T00:00:00
ITEM_000699,ORD_10477,PROD_027,1,201.31,0,2025-01-01T00:00:00
ITEM_000700,ORD_10478,PROD_009,1,650.86,0,2025-01-01T00:00:00
ITEM_000701,ORD_10478,PROD_046,1,443.02,0,2025-01-01T00:00:00
ITEM_000702,ORD_10479,PROD_008,1,656.6,0,2025-01-01T00:00:00
ITEM_000703,ORD_10480,PROD_003,1,897.04,0,2025-01-01T00:00:00
ITEM_000704,ORD_10481,PROD_019,1,184.74,5,2025-01-01T00:00:00
ITEM_000705,ORD_10482,PROD_004,1,1304.6,0,2025-01-01T00:00:00
ITEM_000706,ORD_10483,PROD_048,1,594.33,0,2025-01-01T00:00:00
ITEM_000707,ORD_10484,PROD_027,2,196.42,0,2025-01-01T00:00:00
ITEM_000708,ORD_10484,PROD_031,1,179.92,0,2025-01-01T00:00:00
ITEM_000709,ORD_10485,PROD_049,1,985.47,0,2025-01-01T00:00:00
ITEM_000710,ORD_10485,PROD_009,1,646.69,10,2025-01-01T00:00:00
ITEM_000711,ORD_10486,PROD_043,1,718.45,0,2025-01-01T00:00:00
ITEM_000712,ORD_10486,PROD_040,2,175.72,20,2025-01-01T00:00:00
ITEM_000713,ORD_10487,PROD_042,1,710.07,5,2025-01-01T00:00:00
ITEM_000714,ORD_10487,PROD_006,1,499.36,5,2025-01-01T00:00:00
ITEM_000715,ORD_10488,PROD_036,1,62.3,20,2025-01-01T00:00:00
ITEM_000716,ORD_10489,PROD_037,2,62.98,0,2025-01-01T00:00:00
ITEM_000717,ORD_10489,PROD_034,1,283.8,15,2025-01-01T00:00:00
ITEM_000718,ORD_10490,PROD_014,2,1413.07,5,2025-01-01T00:00:00
ITEM_000719,ORD_10491,PROD_035,1,298.15,0,2025-01-01T00:00:00
ITEM_000720,ORD_10492,PROD_002,2,889.36,0,2025-01-01T00:00:00
ITEM_000721,ORD_10492,PROD_022,1,240.53,0,2025-01-01T00:00:00
ITEM_000722,ORD_10493,PROD_011,1,1076.39,0,2025-01-01T00:00:00
ITEM_000723,ORD_10494,PROD_027,3,198.48,0,2025-01-01T00:00:00
ITEM_000724,ORD_10495,PROD_046,1,425.35,0,2025-01-01T00:00:00
ITEM_000725,ORD_10496,PROD_021,2,92.7,15,2025-01-01T00:00:00
ITEM_000726,ORD_10497,PROD_016,1,353.7,0,2025-01-01T00:00:00
ITEM_000727,ORD_10498,PROD_025,1,73.27,0,2025-01-01T00:00:00
ITEM_000728,ORD_10498,PROD_008,1,621.75,0,2025-01-01T00:00:00
ITEM_000729,ORD_10499,PROD_002,1,936.48,0,2025-01-01T00:00:00
ITEM_000730,ORD_10499,PROD_018,1,186.01,5,2025-01-01T00:00:00
ITEM_000731,ORD_10499,PROD_036,1,64.39,0,2025-01-01T00:00:00
ITEM_000732,ORD_10500,PROD_010,1,1086.06,20,2025-01-01T00:00:00
ITEM_000733,ORD_10501,PROD_028,1,204.0,0,2025-01-01T00:00:00
ITEM_000734,ORD_10502,PROD_040,1,177.68,0,2025-01-01T00:00:00
ITEM_000735,ORD_10502,PROD_019,1,192.8,0,2025-01-01T00:00:00
ITEM_000736,ORD_10503,PROD_023,1,267.1,10,2025-01-01T00:00:00
ITEM_000737,ORD_10503,PROD_041,1,661.81,0,2025-01-01T00:00:00
ITEM_000738,ORD_10504,PROD_045,1,861.26,0,2025-01-01T00:00:00
ITEM_000739,ORD_10505,PROD_028,2,189.36,0,2025-01-01T00:00:00
ITEM_000740,ORD_10506,PROD_022,1,239.15,5,2025-01-01T00:00:00
ITEM_000741,ORD_10506,PROD_041,1,667.6,20,2025-01-01T00:00:00
ITEM_000742,ORD_10507,PROD_039,1,378.4,15,2025-01-01T00:00:00
ITEM_000743,ORD_10508,PROD_039,1,400.46,0,2025-01-01T00:00:00
ITEM_000744,ORD_10508,PROD_031,1,181.92,5,2025-01-01T00:00:00
ITEM_000745,ORD_10508,PROD_001,1,898.41,5,2025-01-01T00:00:00
ITEM_000746,ORD_10509,PROD_002,1,930.14,10,2025-01-01T00:00:00
ITEM_000747,ORD_10510,PROD_025,1,77.46,0,2025-01-01T00:00:00
ITEM_000748,ORD_10511,PROD_045,1,861.42,0,2025-01-01T00:00:00
ITEM_000749,ORD_10511,PROD_001,1,851.09,5,2025-01-01T00:00:00
ITEM_000750,ORD_10512,PROD_046,1,431.27,10,2025-01-01T00:00:00
ITEM_000751,ORD_10512,PROD_023,3,283.48,0,2025-01-01T00:00:00
ITEM_000752,ORD_10513,PROD_003,1,931.2,5,2025-01-01T00:00:00
ITEM_000753,ORD_10513,PROD_018,1,179.38,10,2025-01-01T00:00:00
ITEM_000754,ORD_10513,PROD_032,1,295.54,0,2025-01-01T00:00:00
ITEM_000755,ORD_10514,PROD_043,1,742.31,0,2025-01-01T00:00:00
ITEM_000756,ORD_10515,PROD_038,1,43.33,0,2025-01-01T00:00:00
ITEM_000757,ORD_10516,PROD_015,1,1868.58,5,2025-01-01T00:00:00
ITEM_000758,ORD_10517,PROD_002,1,910.91,0,2025-01-01T00:00:00
ITEM_000759,ORD_10517,PROD_045,1,929.29,0,2025-01-01T00:00:00
ITEM_000760,ORD_10518,PROD_042,2,709.24,0,2025-01-01T00:00:00
ITEM_000761,ORD_10518,PROD_004,1,1238.36,0,2025-01-01T00:00:00
ITEM_000762,ORD_10519,PROD_034,1,302.64,10,2025-01-01T00:00:00
ITEM_000763,ORD_10520,PROD_027,1,195.63,0,2025-01-01T00:00:00
ITEM_000764,ORD_10521,PROD_037,1,67.0,20,2025-01-01T00:00:00
ITEM_000765,ORD_10522,PROD_005,1,1212.11,0,2025-01-01T00:00:00
ITEM_000766,ORD_10522,PROD_016,1,349.32,0,2025-01-01T00:00:00
ITEM_000767,ORD_10523,PROD_041,1,714.8,10,2025-01-01T00:00:00
ITEM_000768,ORD_10524,PROD_022,1,253.15,10,2025-01-01T00:00:00
ITEM_000769,ORD_10525,PROD_005,1,1284.47,0,2025-01-01T00:00:00
ITEM_000770,ORD_10526,PROD_038,1,43.13,0,2025-01-01T00:00:00
ITEM_000771,ORD_10526,PROD_008,1,637.86,10,2025-01-01T00:00:00
ITEM_000772,ORD_10527,PROD_029,1,253.2,0,2025-01-01T00:00:00
ITEM_000773,ORD_10528,PROD_004,1,1257.41,0,2025-01-01T00:00:00
ITEM_000774,ORD_10529,PROD_049,1,976.24,10,2025-01-01T00:00:00
ITEM_000775,ORD_10530,PROD_030,1,224.19,0,2025-01-01T00:00:00
ITEM_000776,ORD_10530,PROD_025,1,72.01,0,2025-01-01T00:00:00
ITEM_000777,ORD_10531,PROD_034,1,289.93,0,2025-01-01T00:00:00
ITEM_000778,ORD_10532,PROD_005,2,1261.61,10,2025-01-01T00:00:00
ITEM_000779,ORD_10533,PROD_033,1,141.47,0,2025-01-01T00:00:00
ITEM_000780,ORD_10534,PROD_016,1,332.5,0,2025-01-01T00:00:00
ITEM_000781,ORD_10535,PROD_033,1,151.67,5,2025-01-01T00:00:00
ITEM_000782,ORD_10536,PROD_050,1,120.59,0,2025-01-01T00:00:00
ITEM_000783,ORD_10536,PROD_010,1,1085.57,0,2025-01-01T00:00:00
ITEM_000784,ORD_10537,PROD_004,2,1250.89,10,2025-01-01T00:00:00
ITEM_000785,ORD_10537,PROD_016,1,342.31,0,2025-01-01T00:00:00
ITEM_000786,ORD_10538,PROD_005,3,1270.98,0,2025-01-01T00:00:00
ITEM_000787,ORD_10538,PROD_022,1,247.44,0,2025-01-01T00:00:00
ITEM_000788,ORD_10538,PROD_013,1,413.29,0,2025-01-01T00:00:00
ITEM_000789,ORD_10539,PROD_030,1,233.46,15,2025-01-01T00:00:00
ITEM_000790,ORD_10540,PROD_041,1,666.52,0,2025-01-01T00:00:00
ITEM_000791,ORD_10540,PROD_015,1,1842.23,20,2025-01-01T00:00:00
ITEM_000792,ORD_10540,PROD_045,1,916.49,0,2025-01-01T00:00:00
ITEM_000793,ORD_10541,PROD_024,1,152.8,0,2025-01-01T00:00:00
ITEM_000794,ORD_10541,PROD_001,2,889.67,0,2025-01-01T00:00:00
ITEM_000795,ORD_10541,PROD_005,1,1232.49,20,2025-01-01T00:00:00
ITEM_000796,ORD_10542,PROD_015,1,1869.37,5,2025-01-01T00:00:00
ITEM_000797,ORD_10543,PROD_012,1,382.99,0,2025-01-01T00:00:00
ITEM_000798,ORD_10544,PROD_044,2,573.42,0,2025-01-01T00:00:00
ITEM_000799,ORD_10545,PROD_014,2,1421.74,0,2025-01-01T00:00:00
ITEM_000800,ORD_10546,PROD_034,1,306.26,10,2025-01-01T00:00:00
ITEM_000801,ORD_10546,PROD_040,1,168.78,15,2025-01-01T00:00:00
ITEM_000802,ORD_10547,PROD_025,1,76.46,0,2025-01-01T00:00:00
ITEM_000803,ORD_10548,PROD_003,1,905.38,0,2025-01-01T00:00:00
ITEM_000804,ORD_10548,PROD_049,1,1013.52,0,2025-01-01T00:00:00
ITEM_000805,ORD_10549,PROD_009,1,680.44,10,2025-01-01T00:00:00
ITEM_000806,ORD_10549,PROD_033,1,138.93,0,2025-01-01T00:00:00
ITEM_000807,ORD_10550,PROD_033,1,143.38,10,2025-01-01T00:00:00
ITEM_000808,ORD_10551,PROD_034,1,293.95,0,2025-01-01T00:00:00
ITEM_000809,ORD_10552,PROD_046,1,443.83,0,2025-01-01T00:00:00
ITEM_000810,ORD_10552,PROD_032,1,293.28,0,2025-01-01T00:00:00
ITEM_000811,ORD_10553,PROD_029,2,262.24,0,2025-01-01T00:00:00
ITEM_000812,ORD_10553,PROD_016,1,347.46,15,2025-01-01T00:00:00
ITEM_000813,ORD_10554,PROD_009,1,666.36,0,2025-01-01T00:00:00
ITEM_000814,ORD_10555,PROD_003,1,891.89,0,2025-01-01T00:00:00
ITEM_000815,ORD_10556,PROD_027,1,192.42,0,2025-01-01T00:00:00
ITEM_000816,ORD_10557,PROD_029,1,257.95,0,2025-01-01T00:00:00
ITEM_000817,ORD_10558,PROD_033,1,145.19,0,2025-01-01T00:00:00
ITEM_000818,ORD_10559,PROD_007,1,478.22,0,2025-01-01T00:00:00
ITEM_000819,ORD_10559,PROD_008,1,661.38,0,2025-01-01T00:00:00
ITEM_000820,ORD_10559,PROD_005,1,1283.56,10,2025-01-01T00:00:00
ITEM_000821,ORD_10560,PROD_009,1,664.05,0,2025-01-01T00:00:00
ITEM_000822,ORD_10560,PROD_049,1,1011.6,0,2025-01-01T00:00:00
ITEM_000823,ORD_10561,PROD_026,1,198.03,0,2025-01-01T00:00:00
ITEM_000824,ORD_10561,PROD_038,1,46.18,0,2025-01-01T00:00:00
ITEM_000825,ORD_10561,PROD_049,1,958.1,5,2025-01-01T00:00:00
ITEM_000826,ORD_10562,PROD_036,1,66.67,5,2025-01-01T00:00:00
ITEM_000827,ORD_10563,PROD_021,1,94.32,15,2025-01-01T00:00:00
ITEM_000828,ORD_10563,PROD_013,1,392.58,10,2025-01-01T00:00:00
ITEM_000829,ORD_10564,PROD_009,1,637.36,5,2025-01-01T00:00:00
ITEM_000830,ORD_10565,PROD_023,1,267.45,0,2025-01-01T00:00:00
ITEM_000831,ORD_10565,PROD_022,1,251.44,0,2025-01-01T00:00:00
ITEM_000832,ORD_10566,PROD_037,1,66.85,15,2025-01-01T00:00:00
ITEM_000833,ORD_10567,PROD_022,1,252.33,15,2025-01-01T00:00:00
ITEM_000834,ORD_10567,PROD_037,2,64.29,0,2025-01-01T00:00:00
ITEM_000835,ORD_10567,PROD_041,1,655.11,0,2025-01-01T00:00:00
ITEM_000836,ORD_10568,PROD_029,1,268.68,0,2025-01-01T00:00:00
ITEM_000837,ORD_10569,PROD_012,1,407.9,0,2025-01-01T00:00:00
ITEM_000838,ORD_10569,PROD_003,1,868.06,15,2025-01-01T00:00:00
ITEM_000839,ORD_10570,PROD_019,1,187.95,0,2025-01-01T00:00:00
ITEM_000840,ORD_10571,PROD_011,1,1080.94,15,2025-01-01T00:00:00
ITEM_000841,ORD_10572,PROD_009,3,648.59,0,2025-01-01T00:00:00
ITEM_000842,ORD_10572,PROD_035,1,305.79,0,2025-01-01T00:00:00
ITEM_000843,ORD_10572,PROD_027,1,193.68,5,2025-01-01T00:00:00
ITEM_000844,ORD_10573,PROD_020,1,92.18,5,2025-01-01T00:00:00
ITEM_000845,ORD_10573,PROD_038,1,43.66,20,2025-01-01T00:00:00
ITEM_000846,ORD_10574,PROD_039,2,386.0,15,2025-01-01T00:00:00
ITEM_000847,ORD_10574,PROD_016,1,343.63,0,2025-01-01T00:00:00
ITEM_000848,ORD_10575,PROD_030,1,221.55,10,2025-01-01T00:00:00
ITEM_000849,ORD_10576,PROD_012,1,391.64,0,2025-01-01T00:00:00
ITEM_000850,ORD_10577,PROD_025,1,78.08,0,2025-01-01T00:00:00
ITEM_000851,ORD_10578,PROD_003,1,871.7,10,2025-01-01T00:00:00
ITEM_000852,ORD_10579,PROD_019,1,192.7,0,2025-01-01T00:00:00
ITEM_000853,ORD_10579,PROD_043,3,704.5,0,2025-01-01T00:00:00
ITEM_000854,ORD_10580,PROD_024,1,148.44,0,2025-01-01T00:00:00
ITEM_000855,ORD_10581,PROD_029,1,256.12,0,2025-01-01T00:00:00
ITEM_000856,ORD_10582,PROD_041,1,698.32,5,2025-01-01T00:00:00
ITEM_000857,ORD_10583,PROD_013,1,376.74,0,2025-01-01T00:00:00
ITEM_000858,ORD_10583,PROD_026,1,187.91,0,2025-01-01T00:00:00
ITEM_000859,ORD_10584,PROD_006,3,487.35,0,2025-01-01T00:00:00
ITEM_000860,ORD_10585,PROD_018,1,191.32,0,2025-01-01T00:00:00
ITEM_000861,ORD_10586,PROD_019,1,178.05,5,2025-01-01T00:00:00
ITEM_000862,ORD_10587,PROD_001,1,874.71,0,2025-01-01T00:00:00
ITEM_000863,ORD_10587,PROD_044,1,607.76,10,2025-01-01T00:00:00
ITEM_000864,ORD_10588,PROD_004,1,1292.06,10,2025-01-01T00:00:00
ITEM_000865,ORD_10589,PROD_007,1,494.23,0,2025-01-01T00:00:00
ITEM_000866,ORD_10589,PROD_025,1,71.61,0,2025-01-01T00:00:00
ITEM_000867,ORD_10590,PROD_016,1,334.65,0,2025-01-01T00:00:00
ITEM_000868,ORD_10591,PROD_013,3,402.11,0,2025-01-01T00:00:00
ITEM_000869,ORD_10592,PROD_043,1,700.92,0,2025-01-01T00:00:00
ITEM_000870,ORD_10593,PROD_021,1,93.32,0,2025-01-01T00:00:00
ITEM_000871,ORD_10594,PROD_026,1,189.78,0,2025-01-01T00:00:00
ITEM_000872,ORD_10594,PROD_028,1,185.54,0,2025-01-01T00:00:00
ITEM_000873,ORD_10594,PROD_008,1,631.33,0,2025-01-01T00:00:00
ITEM_000874,ORD_10595,PROD_040,1,172.71,0,2025-01-01T00:00:00
ITEM_000875,ORD_10596,PROD_039,1,384.98,20,2025-01-01T00:00:00
ITEM_000876,ORD_10597,PROD_037,1,63.39,0,2025-01-01T00:00:00
ITEM_000877,ORD_10597,PROD_011,2,1114.4,0,2025-01-01T00:00:00
ITEM_000878,ORD_10598,PROD_009,1,628.9,5,2025-01-01T00:00:00
ITEM_000879,ORD_10598,PROD_022,1,256.71,0,2025-01-01T00:00:00
ITEM_000880,ORD_10599,PROD_038,1,44.77,0,2025-01-01T00:00:00
ITEM_000881,ORD_10600,PROD_046,1,466.73,0,2025-01-01T00:00:00
